Product Name,Brand,Price,Discount,Rating
Cult Flomo Gray Men's Sports Running Shoes,,"  1,443",,width:92.0%
ASIAN DELTA-21 White Men's Sports Running Shoes,,  702,,width:82.0%
Campus SNIPER LIGHT GREY Men's Sports Running Shoes,,  807,,width:86.0%
hotstyle Gray Men's Sports Running Shoes,,  512,,width:80.0%
ASIAN SUPERSTAR-02 Light Grey Men's Sports Running Shoes,,"  1,017",,width:86.0%
Clymb White Men's Sports Running Shoes,,  533,,width:82.0%
Campus ABACUS Blue Men's Sports Running Shoes,,  943,,width:86.0%
PENNEN Black Men's Sports Running Shoes,,  360,,width:80.0%
ASIAN  Multicolor Men's Sports Running Shoes,,  993,,width:84.00000000000001%
Clymb Gray Men's Sports Running Shoes,,  632,,width:82.0%
Campus - CAMP-HUSTUN Black Men's Sports Running Shoes,,  890,,width:86.0%
DUCKINS Beige Men's Sports Running Shoes,,  507,,width:80.0%
Cult FlowPro White Men's Sports Running Shoes,,"  1,803",,width:76.0%
Campus HURRICANE Teal Men's Sports Running Shoes,,  793,,width:88.00000000000001%
Cult Typhon White Men's Sports Running Shoes,,"  1,484",,width:88.00000000000001%
Clymb Blue Men's Sports Running Shoes,,  509,,width:84.00000000000001%
Campus OMAX Grey Men's Sports Running Shoes,,  923,,width:86.0%
Clymb Blue Men's Sports Running Shoes,,  533,,width:78.0%
ASIAN OXYGEN-01 Navy Men's Sports Running Shoes,,  854,,width:82.0%
DUCKINS Cosco White White Men's Sports Running Shoes,,  557,,width:88.00000000000001%
DUCKINS Beige Men's Sports Running Shoes,,  507,,width:80.0%
hotstyle Gray Men's Sports Running Shoes,,  512,,width:80.0%
Cult FlowPro White Men's Sports Running Shoes,,"  1,803",,width:76.0%
Clymb Blue Men's Sports Running Shoes,,  515,,width:82.0%
Campus ARTEMIS Grey Men's Sports Running Shoes,,  963,,width:86.0%
Clymb Gray Men's Sports Running Shoes,,  632,,width:82.0%
Avant Vector White Men's Sports Running Shoes,,  809,,width:86.0%
Campus WELLS Black  Men's Sports Running Shoes,,  602,,width:82.0%
Cult Flomo Gray Men's Sports Running Shoes,,"  1,443",,width:92.0%
ASIAN DELTA-21 White Men's Sports Running Shoes,,  702,,width:82.0%
Campus ABACUS Blue Men's Sports Running Shoes,,  943,,width:86.0%
Clymb Navy Blue Men's Sports Running Shoes,,  491,,width:70.0%
Campus RELTO BLUE Men's Sports Running Shoes,,  943,,width:84.00000000000001%
Clymb White Men's Sports Running Shoes,,  533,,width:82.0%
ASIAN SUPERSTAR-02 Light Grey Men's Sports Running Shoes,,"  1,017",,width:86.0%
Campus EVEREST Navy  Men's Sports Running Shoes,,  776,,width:86.0%
Cult StridePulse White Men's Sports Running Shoes,,"  1,961",,width:84.00000000000001%
Hotspot Black Men's Sports Running Shoes,,  543,,width:74.0%
Cult Blaze Teal Men's Sports Running Shoes,,"  1,513",,width:78.0%
Action Sports Shoes For Men Gray Men's Sports Running Shoes,,  797,,width:80.0%
Cult Flomo Gray Men's Sports Running Shoes,,"  1,443",,width:92.0%
ASIAN DELTA-21 White Men's Sports Running Shoes,,  702,,width:82.0%
Campus SNIPER LIGHT GREY Men's Sports Running Shoes,,  807,,width:86.0%
hotstyle Gray Men's Sports Running Shoes,,  512,,width:80.0%
ASIAN SUPERSTAR-02 Light Grey Men's Sports Running Shoes,,"  1,017",,width:86.0%
Clymb White Men's Sports Running Shoes,,  533,,width:82.0%
Campus ABACUS Blue Men's Sports Running Shoes,,  943,,width:86.0%
PENNEN Black Men's Sports Running Shoes,,  360,,width:80.0%
ASIAN  Multicolor Men's Sports Running Shoes,,  993,,width:84.00000000000001%
Clymb Gray Men's Sports Running Shoes,,  632,,width:82.0%
Campus - CAMP-HUSTUN Black Men's Sports Running Shoes,,  890,,width:86.0%
DUCKINS Beige Men's Sports Running Shoes,,  507,,width:80.0%
Cult FlowPro White Men's Sports Running Shoes,,"  1,803",,width:76.0%
Campus HURRICANE Teal Men's Sports Running Shoes,,  793,,width:88.00000000000001%
Cult Typhon White Men's Sports Running Shoes,,"  1,484",,width:88.00000000000001%
Clymb Blue Men's Sports Running Shoes,,  509,,width:84.00000000000001%
Campus OMAX Grey Men's Sports Running Shoes,,  923,,width:86.0%
Clymb Blue Men's Sports Running Shoes,,  533,,width:78.0%
ASIAN OXYGEN-01 Navy Men's Sports Running Shoes,,  854,,width:82.0%
DUCKINS Cosco White White Men's Sports Running Shoes,,  557,,width:88.00000000000001%
DUCKINS Beige Men's Sports Running Shoes,,  507,,width:80.0%
hotstyle Gray Men's Sports Running Shoes,,  512,,width:80.0%
Cult FlowPro White Men's Sports Running Shoes,,"  1,803",,width:76.0%
Clymb Blue Men's Sports Running Shoes,,  515,,width:82.0%
Campus ARTEMIS Grey Men's Sports Running Shoes,,  963,,width:86.0%
Clymb Gray Men's Sports Running Shoes,,  632,,width:82.0%
Avant Vector White Men's Sports Running Shoes,,  809,,width:86.0%
Campus WELLS Black  Men's Sports Running Shoes,,  602,,width:82.0%
Cult Flomo Gray Men's Sports Running Shoes,,"  1,443",,width:92.0%
ASIAN DELTA-21 White Men's Sports Running Shoes,,  702,,width:82.0%
Campus ABACUS Blue Men's Sports Running Shoes,,  943,,width:86.0%
Clymb Navy Blue Men's Sports Running Shoes,,  491,,width:70.0%
Campus RELTO BLUE Men's Sports Running Shoes,,  943,,width:84.00000000000001%
Clymb White Men's Sports Running Shoes,,  533,,width:82.0%
ASIAN SUPERSTAR-02 Light Grey Men's Sports Running Shoes,,"  1,017",,width:86.0%
Campus EVEREST Navy  Men's Sports Running Shoes,,  776,,width:86.0%
Cult StridePulse White Men's Sports Running Shoes,,"  1,961",,width:84.00000000000001%
Hotspot Black Men's Sports Running Shoes,,  543,,width:74.0%
Cult Blaze Teal Men's Sports Running Shoes,,"  1,513",,width:78.0%
Action Sports Shoes For Men Gray Men's Sports Running Shoes,,  797,,width:80.0%
Cult Flomo Gray Men's Sports Running Shoes,,"  1,443",,width:92.0%
hotstyle Gray Men's Sports Running Shoes,,  512,,width:80.0%
Cult FlowPro White Men's Sports Running Shoes,,"  1,803",,width:76.0%
Clymb Black Men's Sports Running Shoes,,  550,,width:82.0%
Campus SUMMIT Navy Blue Men's Sports Running Shoes,,  875,,width:86.0%
Hotspot Black Men's Sports Running Shoes,,  543,,width:74.0%
ASIAN  Multicolor Men's Sports Running Shoes,,  993,,width:84.00000000000001%
Clymb Gray Men's Sports Running Shoes,,  632,,width:82.0%
Campus SNIPER LIGHT GREY Men's Sports Running Shoes,,  807,,width:86.0%
ASIAN Blue Men's Sports Running Shoes,,  602,,width:82.0%
OFF LIMITS GLADIATOR Off White Men's Sports Running Shoes,,"  1,081",,width:82.0%
Campus WELLS Black  Men's Sports Running Shoes,,  602,,width:82.0%
Cult StridePulse White Men's Sports Running Shoes,,"  1,961",,width:84.00000000000001%
Airhype White Men's Sports Running Shoes,,  620,,width:80.0%
Campus OMAX Grey Men's Sports Running Shoes,,  923,,width:86.0%
"VCTR Nitro NT01 Off White,Beige Men's Sports Running Shoes",,  702,,width:88.00000000000001%
Campus RAGE Blue Men's Sports Running Shoes,,  827,,width:90.0%
ASIAN TITAAN-06 Light Grey Men's Sports Running Shoes,,  717,,width:86.0%
Cult Blaze Teal Men's Sports Running Shoes,,"  1,513",,width:78.0%
DUCKINS Cosco White White Men's Sports Running Shoes,,  557,,width:88.00000000000001%
